<?xml version="1.0" encoding="UTF-8"?>
<project-private xmlns="http://www.netbeans.org/ns/project-private/1">
    <editor-bookmarks xmlns="http://www.netbeans.org/ns/editor-bookmarks/2" lastBookmarkId="0"/>
    <open-files xmlns="http://www.netbeans.org/ns/projectui-open-files/2">
        <group>
            <file>file:/C:/Users/izzis/Documents/NetBeansProjects/TheGame/src/thegame/Window.java</file>
            <file>file:/C:/Users/izzis/Documents/NetBeansProjects/TheGame/src/thegame/Race.java</file>
            <file>file:/C:/Users/izzis/Documents/NetBeansProjects/TheGame/src/thegame/Levels.java</file>
            <file>file:/C:/Users/izzis/Documents/NetBeansProjects/TheGame/src/thegame/Hometown.java</file>
            <file>file:/C:/Users/izzis/Documents/NetBeansProjects/TheGame/src/thegame/Room.java</file>
            <file>file:/C:/Users/izzis/Documents/NetBeansProjects/TheGame/src/thegame/TheGame.java</file>
            <file>file:/C:/Users/izzis/Documents/NetBeansProjects/TheGame/src/thegame/Player.java</file>
            <file>file:/C:/Users/izzis/Documents/NetBeansProjects/TheGame/src/thegame/Area.java</file>
        </group>
    </open-files>
</project-private>
